{
    "parent": "block/fence_post",
    "textures": {
        "top": "blocks/coarse_dirt",
        "down": "blocks/coarse_dirt",
        "side": "ledge",
        "particle": "ledge"
    },
    "elements": [
        {   "from": [ 0, 0, 0 ],
            "to": [ 16, 16, 16 ],
            "faces": {
                "up": {
                    "texture": "#top"
                },
                "down": {
                    "texture": "#down"
                },
                "west": {
                    "texture": "#side"
                },
                "east": {
                    "texture": "#side"
                },
                "north": {
                    "texture": "#top"
                },
                "south": {
                    "texture": "#side"
                }
            }
        }
    ]
}
