{
    "parent": "block/cube_all",
    "textures": {
        "top": "wood_siding",
        "down": "wood_floor",
        "side": "wood_siding",
        "front": "drawer",
        "particle": "wood_siding"
    },
    "elements": [
        {   "from": [ 0, 0, 0 ],
            "to": [ 16, 16, 16 ],
            "faces": {
                "up": {
                    "texture": "#top"
                },
                "down": {
                    "texture": "#down"
                },
                "west": {
                    "texture": "#side"
                },
                "east": {
                    "texture": "#side"
                },
                "north": {
                    "texture": "#side"
                },
                "south": {
                    "texture": "#front"
                }
            }
        }
    ]
}
