{
    "parent": "block/fence_post",
    "textures": {
        "top_texture": "blocks/log_birch_top",
        "side_texture": "blocks/log_birch",
        "particle": "blocks/log_birch_top"
    },
    "elements": [
        {
            "from": [7,0,5],
            "to": [9,16,11],
            "faces": {
                "up": {
                    "texture": "#top_texture"
                },
                "down": {
                    "texture": "#top_texture"
                },
                "west": {
                    "texture": "#side_texture"
                },
                "east": {
                    "texture": "#side_texture"
                },
                "north": {
                    "texture": "#side_texture"
                },
                "south": {
                    "texture": "#side_texture"
                }
            }
        },
        {
            "from": [5,0,7],
            "to": [11,16,9],
            "faces": {
                "up": {
                    "texture": "#top_texture"
                },
                "down": {
                    "texture": "#top_texture"
                },
                "west": {
                    "texture": "#side_texture"
                },
                "east": {
                    "texture": "#side_texture"
                },
                "north": {
                    "texture": "#side_texture"
                },
                "south": {
                    "texture": "#side_texture"
                }
            }
        },
        {
            "from": [6,0,6],
            "to": [10,16,10],
            "faces": {
                "up": {
                    "texture": "#top_texture"
                },
                "down": {
                    "texture": "#top_texture"
                },
                "west": {
                    "texture": "#side_texture"
                },
                "east": {
                    "texture": "#side_texture"
                },
                "north": {
                    "texture": "#side_texture"
                },
                "south": {
                    "texture": "#side_texture"
                }
            }
        }
    ]
}
