{
    "parent": "block/fence_inventory",
    "textures": {
        "top_texture": "blocks/log_birch_top",
        "side_texture": "blocks/log_birch",
        "particle": "blocks/log_birch_top"
    },
    "display": {
        "gui": {
            "rotation": [ 30, 135, 0 ],
            "translation": [ 0, 0, 0],
            "scale":[ 0.625, 0.625, 0.625 ]
        },
        "fixed": {
            "rotation": [ 0, 90, 0 ],
            "translation": [ 0, 0, 0],
            "scale":[ 0.5, 0.5, 0.5 ]
        }
    },
    "ambientocclusion": false,
    "elements": [
        {
            "from": [6,0,4],
            "to": [10,16,12],
            "faces": {
                "up": {
                    "texture": "#top_texture"
                },
                "down": {
                    "texture": "#top_texture"
                },
                "west": {
                    "texture": "#side_texture"
                },
                "east": {
                    "texture": "#side_texture"
                },
                "north": {
                    "texture": "#side_texture"
                },
                "south": {
                    "texture": "#side_texture"
                }
            }
        },
        {
            "from": [4,0,6],
            "to": [12,16,10],
            "faces": {
                "up": {
                    "texture": "#top_texture"
                },
                "down": {
                    "texture": "#top_texture"
                },
                "west": {
                    "texture": "#side_texture"
                },
                "east": {
                    "texture": "#side_texture"
                },
                "north": {
                    "texture": "#side_texture"
                },
                "south": {
                    "texture": "#side_texture"
                }
            }
        },
        {
            "from": [5,0,5],
            "to": [11,16,11],
            "faces": {
                "up": {
                    "texture": "#top_texture"
                },
                "down": {
                    "texture": "#top_texture"
                },
                "west": {
                    "texture": "#side_texture"
                },
                "east": {
                    "texture": "#side_texture"
                },
                "north": {
                    "texture": "#side_texture"
                },
                "south": {
                    "texture": "#side_texture"
                }
            }
        }
    ]
}
