{
    "parent": "block/cube_column",
    "textures": {
        "front": "blocks/bookshelf",
        "side": "wood_siding"
    },
    "elements": [
        {   "from": [ 0, 0, 0 ],
            "to": [ 16, 16, 16 ],
            "faces": {
                "up": {
                    "texture": "#side"
                },
                "down": {
                    "texture": "#side"
                },
                "west": {
                    "texture": "#side"
                },
                "east": {
                    "texture": "#side"
                },
                "north": {
                    "texture": "#side"
                },
                "south": {
                    "texture": "#front"
                }
            }
        }
    ]
}
