{
    "parent": "block/wall_post",
    "textures": {
        "wall": "blocks/quartz_block_top"
    },
    "elements": [
        {
            "from": [1,0,6],
            "to": [15,14,10],
            "faces": {
                "up": {
                    "texture": "#wall"
                },
                "down": {
                    "texture": "#wall"
                },
                "west": {
                    "texture": "#wall"
                },
                "east": {
                    "texture": "#wall"
                },
                "north": {
                    "texture": "#wall"
                },
                "south": {
                    "texture": "#wall"
                }
            }
        },
        {
            "from": [6,0,1],
            "to": [10,14,15],
            "faces": {
                "up": {
                    "texture": "#wall"
                },
                "down": {
                    "texture": "#wall"
                },
                "west": {
                    "texture": "#wall"
                },
                "east": {
                    "texture": "#wall"
                },
                "north": {
                    "texture": "#wall"
                },
                "south": {
                    "texture": "#wall"
                }
            }
        },
        {
            "from": [2,0,4],
            "to": [14,15,12],
            "faces": {
                "up": {
                    "texture": "#wall"
                },
                "down": {
                    "texture": "#wall"
                },
                "west": {
                    "texture": "#wall"
                },
                "east": {
                    "texture": "#wall"
                },
                "north": {
                    "texture": "#wall"
                },
                "south": {
                    "texture": "#wall"
                }
            }
        },
        {
            "from": [4,0,2],
            "to": [12,15,14],
            "faces": {
                "up": {
                    "texture": "#wall"
                },
                "down": {
                    "texture": "#wall"
                },
                "west": {
                    "texture": "#wall"
                },
                "east": {
                    "texture": "#wall"
                },
                "north": {
                    "texture": "#wall"
                },
                "south": {
                    "texture": "#wall"
                }
            }
        },
        {
            "from": [3,0,3],
            "to": [13,16,13],
            "faces": {
                "up": {
                    "texture": "#wall"
                },
                "down": {
                    "texture": "#wall"
                },
                "west": {
                    "texture": "#wall"
                },
                "east": {
                    "texture": "#wall"
                },
                "north": {
                    "texture": "#wall"
                },
                "south": {
                    "texture": "#wall"
                }
            }
        }
    ]
}
