{
    "__createdwith": "opl's Model Creator",
    "ambientocclusion": false,
    "textures": {
        "treepot": "tree_pot",
        "plant": "palm_leaves",
        "dirt": "blocks/dirt",
        "particle": "tree_pot",
        "trunk": "trunk"
    },
    "elements": [
        {
            "from": [4,0,5],
            "to": [5,6,11],
            "faces": {
                "up": {
                    "texture": "#treepot"
                },
                "down": {
                    "texture": "#treepot",
                    "cullface": "down"
                },
                "west": {
                    "texture": "#treepot"
                },
                "east": {
                    "texture": "#treepot"
                },
                "north": {
                    "uv": [10,10,11,16],
                    "texture": "#treepot"
                },
                "south": {
                    "texture": "#treepot"
                }
            }
        },
        {
            "from": [11,0,5],
            "to": [12,6,11],
            "faces": {
                "up": {
                    "texture": "#treepot"
                },
                "down": {
                    "texture": "#treepot",
                    "cullface": "down"
                },
                "west": {
                    "texture": "#treepot"
                },
                "east": {
                    "texture": "#treepot"
                },
                "north": {
                    "uv": [5,10,6,16],
                    "texture": "#treepot"
                },
                "south": {
                    "texture": "#treepot"
                }
            }
        },
        {
            "from": [5,0,4],
            "to": [11,6,5],
            "faces": {
                "up": {
                    "texture": "#treepot"
                },
                "down": {
                    "uv": [6,10,10,11],
                    "texture": "#treepot",
                    "cullface": "down"
                },
                "west": {
                    "texture": "#treepot"
                },
                "east": {
                    "texture": "#treepot"
                },
                "north": {
                    "texture": "#treepot"
                },
                "south": {
                    "texture": "#treepot"
                }
            }
        },
        {
            "from": [5,0,11],
            "to": [11,6,12],
            "faces": {
                "up": {
                    "texture": "#treepot"
                },
                "down": {
                    "uv": [6,5,10,6],
                    "texture": "#treepot",
                    "cullface": "down"
                },
                "west": {
                    "texture": "#treepot"
                },
                "east": {
                    "texture": "#treepot"
                },
                "north": {
                    "texture": "#treepot"
                },
                "south": {
                    "texture": "#treepot"
                }
            }
        },
        {
            "from": [5,0,5],
            "to": [11,4,11],
            "faces": {
                "up": {
                    "texture": "#dirt"
                },
                "down": {
                    "texture": "#treepot",
                    "cullface": "down"
                }
            }
        },
        {
            "from": [0,24,8],
            "to": [16,32,8],
            "rotation": { "origin": [ 8, 8, 8 ], "axis": "y", "angle": 45, "rescale": true },
            "faces": {
                "north": {
                    "uv": [0,0,16,16],
                    "texture": "#plant",
                    "tintindex": 0
                },
                "south": {
                    "uv": [0,0,16,16],
                    "texture": "#plant",
                    "tintindex": 0
                }
            }
        },
        {   "from": [8,24,0],
            "to": [8,32,16],
            "rotation": { "origin": [ 8, 8, 8 ], "axis": "y", "angle": 45, "rescale": true },
            "faces": {
                "west": { "uv": [ 0, 0, 16, 16 ], "texture": "#plant", "tintindex": 0 },
                "east": { "uv": [ 0, 0, 16, 16 ], "texture": "#plant", "tintindex": 0 }
            }
        },
        {
            "from": [7,4,7],
            "to": [9,16,9],
            "faces": {
                "up": {
                    "texture": "#trunk"
                },
                "west": {
                    "texture": "#trunk"
                },
                "east": {
                    "texture": "#trunk"
                },
                "north": {
                    "texture": "#trunk"
                },
                "south": {
                    "texture": "#trunk"
                }
            }
        },
        {
            "from": [7,16,7],
            "to": [9,25,9],
            "faces": {
                "up": {
                    "uv": [ 7, 9, 7, 9 ],
                    "texture": "#trunk"
                },
                "west": {
                    "uv": [ 7, 0, 9, 9 ],
                    "texture": "#trunk"
                },
                "east": {
                    "uv": [ 7, 0, 9, 9 ],
                    "texture": "#trunk"
                },
                "north": {
                    "uv": [ 7, 0, 9, 9 ],
                    "texture": "#trunk"
                },
                "south": {
                    "uv": [ 7, 0, 9, 9 ],
                    "texture": "#trunk"
                }
            }
        },
        {
            "from": [6,4,6],
            "to": [10,5,10],
            "faces": {
                "up": {
                    "texture": "#trunk"
                },
                "west": {
                    "texture": "#trunk"
                },
                "east": {
                    "texture": "#trunk"
                },
                "north": {
                    "texture": "#trunk"
                },
                "south": {
                    "texture": "#trunk"
                }
            }
        },
        {
            "from": [5,5,12],
            "to": [11,6,13],
            "faces": {
                "up": {
                    "texture": "#treepot"
                },
                "down": {
                    "texture": "#treepot"
                },
                "west": {
                    "texture": "#treepot"
                },
                "east": {
                    "texture": "#treepot"
                },
                "south": {
                    "texture": "#treepot"
                }
            }
        },
        {
            "from": [5,5,3],
            "to": [11,6,4],
            "faces": {
                "up": {
                    "texture": "#treepot"
                },
                "down": {
                    "texture": "#treepot"
                },
                "west": {
                    "texture": "#treepot"
                },
                "east": {
                    "texture": "#treepot"
                },
                "north": {
                    "texture": "#treepot"
                }
            }
        },
        {
            "from": [3,5,5],
            "to": [4,6,11],
            "faces": {
                "up": {
                    "texture": "#treepot"
                },
                "down": {
                    "texture": "#treepot"
                },
                "west": {
                    "texture": "#treepot"
                },
                "north": {
                    "texture": "#treepot"
                },
                "south": {
                    "texture": "#treepot"
                }
            }
        },
        {
            "from": [12,5,5],
            "to": [13,6,11],
            "faces": {
                "up": {
                    "texture": "#treepot"
                },
                "down": {
                    "texture": "#treepot"
                },
                "east": {
                    "texture": "#treepot"
                },
                "north": {
                    "texture": "#treepot"
                },
                "south": {
                    "texture": "#treepot"
                }
            }
        },
        {
            "from": [11,5,11],
            "to": [12,6,12],
            "faces": {
                "up": {
                    "texture": "#treepot"
                },
                "down": {
                    "texture": "#treepot"
                },
                "east": {
                    "texture": "#treepot"
                },
                "south": {
                    "texture": "#treepot"
                }
            }
        },
        {
            "from": [11,5,4],
            "to": [12,6,5],
            "faces": {
                "up": {
                    "texture": "#treepot"
                },
                "down": {
                    "texture": "#treepot"
                },
                "east": {
                    "texture": "#treepot"
                },
                "north": {
                    "texture": "#treepot"
                }
            }
        },
        {
            "from": [4,5,11],
            "to": [5,6,12],
            "faces": {
                "up": {
                    "texture": "#treepot"
                },
                "down": {
                    "texture": "#treepot"
                },
                "west": {
                    "texture": "#treepot"
                },
                "south": {
                    "texture": "#treepot"
                }
            }
        },
        {
            "from": [4,5,4],
            "to": [5,6,5],
            "faces": {
                "up": {
                    "texture": "#treepot"
                },
                "down": {
                    "texture": "#treepot"
                },
                "west": {
                    "texture": "#treepot"
                },
                "north": {
                    "texture": "#treepot"
                }
            }
        }
    ]
}