{
    "parent": "block/cube_all",
    "textures": {
        "all": "wood_table"
    },
    "elements": [
        {
            "from": [0,8,0],
            "to": [16,16,16],
            "faces": {
                "up": {
                    "texture": "all"
                },
                "down": {
                    "texture": "all"
                },
                "west": {
                    "texture": "all"
                },
                "east": {
                    "texture": "all"
                },
                "north": {
                    "texture": "all"
                },
                "south": {
                    "texture": "all"
                }
            }
        },
        {
            "from": [6,0,7],
            "to": [10,8,9],
            "faces": {
                "down": {
                    "texture": "all"
                },
                "west": {
                    "texture": "all"
                },
                "east": {
                    "texture": "all"
                },
                "north": {
                    "texture": "all"
                },
                "south": {
                    "texture": "all"
                }
            }
        },
        {
            "from": [7,0,6],
            "to": [9,8,10],
            "faces": {
                "down": {
                    "texture": "all"
                },
                "west": {
                    "texture": "all"
                },
                "east": {
                    "texture": "all"
                },
                "north": {
                    "texture": "all"
                },
                "south": {
                    "texture": "all"
                }
            }
        }
    ]
}
