{
    "parent": "block/wall_post",
    "textures": {
        "wall": "shrub"
    },
    "elements": [
        {
            "from": [6,0,6],
            "to": [10,16,10],
            "faces": {
                "up": {
                    "texture": "#wall"
                },
                "down": {
                    "texture": "#wall"
                },
                "west": {
                    "texture": "#wall"
                },
                "east": {
                    "texture": "#wall"
                },
                "north": {
                    "texture": "#wall"
                },
                "south": {
                    "texture": "#wall"
                }
            }
        },
        {
            "from": [2,3,2],
            "to": [14,13,14],
            "faces": {
                "up": {
                    "texture": "#wall"
                },
                "down": {
                    "texture": "#wall"
                },
                "west": {
                    "texture": "#wall"
                },
                "east": {
                    "texture": "#wall"
                },
                "north": {
                    "texture": "#wall"
                },
                "south": {
                    "texture": "#wall"
                }
            }
        },
        {
            "from": [1,5,1],
            "to": [15,11,15],
            "faces": {
                "up": {
                    "texture": "#wall"
                },
                "down": {
                    "texture": "#wall"
                },
                "west": {
                    "texture": "#wall"
                },
                "east": {
                    "texture": "#wall"
                },
                "north": {
                    "texture": "#wall"
                },
                "south": {
                    "texture": "#wall"
                }
            }
        },
        {
            "from": [4,5,4],
            "to": [12,15,12],
            "faces": {
                "up": {
                    "texture": "#wall"
                },
                "west": {
                    "texture": "#wall"
                },
                "east": {
                    "texture": "#wall"
                },
                "north": {
                    "texture": "#wall"
                },
                "south": {
                    "texture": "#wall"
                }
            }
        }
    ]
}
