{
    "parent": "block/fence_inventory",
    "textures": {
        "texture": "blocks/log_birch_top",
        "particle": "blocks/log_birch_top"
    },
    "display": {
        "gui": {
            "rotation": [ 330, 135, 0 ],
            "translation": [ 0, 0, 0],
            "scale":[ 0.625, 0.625, 0.625 ]
        },
        "fixed": {
            "rotation": [ 0, 90, 0 ],
            "translation": [ 0, 0, 0],
            "scale":[ 0.5, 0.5, 0.5 ]
        }
    },
    "ambientocclusion": false,
    "elements": [
        {
            "from": [7,0,12],
            "to": [9,16,16],
            "faces": {
                "up": {
                    "texture": "#texture"
                },
                "down": {
                    "texture": "#texture"
                },
                "west": {
                    "texture": "#texture"
                },
                "east": {
                    "texture": "#texture"
                },
                "north": {
                    "texture": "#texture"
                },
                "south": {
                    "texture": "#texture"
                }
            }
        },
        {
            "from": [6,0,13],
            "to": [10,16,15],
            "faces": {
                "up": {
                    "texture": "#texture"
                },
                "down": {
                    "texture": "#texture"
                },
                "west": {
                    "texture": "#texture"
                },
                "east": {
                    "texture": "#texture"
                },
                "north": {
                    "texture": "#texture"
                },
                "south": {
                    "texture": "#texture"
                }
            }
        }
    ]
}

