{
    "parent": "block/fence_post",
    "textures": {
        "crosshatch": "roof_slant",
        "solid": "roof_blue_side",
        "particle": "roof_blue_side"
    },
    "elements": [
        {
            "from": [8,0,0],
            "to": [16,8,16],
            "faces": {
                "up": {
                    "texture": "#crosshatch"
                },
                "down": {
                    "texture": "#crosshatch"
                },
                "west": {
                    "texture": "#crosshatch"
                },
                "east": {
                    "texture": "#crosshatch"
                },
                "north": {
                    "texture": "#solid"
                },
                "south": {
                    "texture": "#solid"
                }
            }
        }
    ]
}
