{
    "parent": "block/pressure_plate_up",
    "textures": {
        "texture": "invisible"
    },
    "elements": [
        {   "from": [0,0,0],
            "to": [0,0,0],
            "faces": {
                "up": {
                    "texture": "#texture"
                },
                "down": {
                    "texture": "#texture"
                },
                "west": {
                    "texture": "#texture"
                },
                "east": {
                    "texture": "#texture"
                },
                "north": {
                    "texture": "#texture"
                },
                "south": {
                    "texture": "#texture"
                }
            }
        }
    ]
}
