{
    "parent": "block/upper_slab",
    "textures": {
        "bottom": "blocks/brick",
        "top": "blocks/brick",
        "side": "blocks/brick"
    },
    "elements": [
        {   "from": [ 0, 8, 8 ],
            "to": [ 16, 16, 16 ],
            "faces": {
                "up": {
                    "texture": "#top"
                },
                "down": {
                    "texture": "#bottom"
                },
                "west": {
                    "texture": "#side"
                },
                "east": {
                    "texture": "#side"
                },
                "north": {
                    "texture": "#top"
                },
                "south": {
                    "texture": "#side"
                }
            }
        }
    ]
}
